10101,Sam Slade,123 Snow Avenue, Dearborn,MI,48128
20202,Dean Decker,456 Danvers Lane,Dearborn,MI,48128
30303,Jim Jackson,789 Jonathan Street,Dearborn,MI,48128
40404,Leslie Lane,1011 Lanson Avenue,Dearborn,MI,48128
50505,Abby Andrews,1213 Argyle Street,Dearborn,MI,48128
60606,Brad Baker,1415 Barrington Place,Dearborn,MI,48128
70707,Carmen Cook,1617 Carlysle Street,Dearborn,MI,48128
80808,Evan Enders,1819 Edna Street,Dearborn,MI,48128
90909,Frank Fisher,20122 Freda Street,Dearborn,MI,48128
11101,George Geffer,23425 Geneva Court,Dearborn,MI,48128
22202,Hank Hughes,26728 Haigh Street,Dearborn,MI,48128
33303,Ian Illy,2930 Iris Avenue,Dearborn,MI,48128
44404,Kathy Krum,3132 Kendal Avenue,Dearborn,MI,48128
55505,Larry Landers,3334 Lincoln Lane,Dearborn,MI,48128
66606,Michelle Matthew,3536 Mayburn,Dearborn,MI,48128
77707,Nancy Nevers,3738 Nowlin,Dearborn,MI,48128
88808,Oscar Owens,3940 Olmstead Street,Dearborn,MI,48128
99909,Paul Paton,41424 Penn Street,Dearborn,MI,48128
